step,d4rl_normalized_score
50000,34.6940685434168
100000,29.648794034852454
150000,50.30150472167934
200000,57.35675978636415
250000,82.64221867064843
300000,86.87110122394891
