step,d4rl_normalized_score
50000,18.46301885778849
100000,42.453574687858776
150000,23.47649070720637
200000,61.97168271447757
250000,47.69155445639983
300000,24.99388551243344
