step,d4rl_normalized_score
50000,12.946000742891684
100000,10.461307105059495
150000,44.842119460828364
200000,70.12153528138666
250000,71.13930891079862
300000,80.42960633788284
