step,d4rl_normalized_score
50000,29.750828221659077
100000,44.03004219166185
150000,44.410163675446704
200000,44.78886391903712
250000,43.860521638367835
300000,44.857417854329455
