step,d4rl_normalized_score
50000,42.33605198057387
100000,43.874174787320506
150000,43.58934721619694
200000,44.16586447491404
250000,44.46573051547237
300000,43.53487891576222
