step,d4rl_normalized_score
50000,41.53341315749455
100000,43.769970541499035
150000,43.61895776992167
200000,44.36776864254283
250000,43.85590161245929
300000,42.79643247361996
