step,d4rl_normalized_score
50000,11.831603967495129
100000,35.500103098218126
150000,18.31813183578427
200000,39.20556903355605
250000,41.795332186446224
300000,46.24911652630068
