step,d4rl_normalized_score
50000,43.36764767806169
100000,46.00702716588526
150000,46.62160600213584
200000,45.49541305595618
250000,45.7699060012846
300000,46.22597720414792
