step,d4rl_normalized_score
50000,20.245578687797337
100000,17.127060912293377
150000,57.53008278578135
200000,50.743138581920924
250000,41.2050288490294
300000,53.57461274337781
