step,d4rl_normalized_score
50000,45.11247911246331
100000,44.55089659515109
150000,46.025861962183754
200000,47.194412463863664
250000,46.10950100895966
300000,46.43278238669614
