step,d4rl_normalized_score
50000,36.0751643259693
100000,43.34246032097503
150000,28.24298002424543
200000,41.6123038820791
250000,44.021575128424246
300000,43.33089192331746
