step,d4rl_normalized_score
50000,39.93891402676928
100000,45.28476165774665
150000,45.80606606818975
200000,46.04845460369077
250000,45.29467267167189
300000,45.190516779104414
