step,d4rl_normalized_score
50000,28.785043622275165
100000,38.13463297278427
150000,30.084854223806452
200000,49.29139204235936
250000,85.23682533869354
300000,71.94373572320649
