step,d4rl_normalized_score
50000,29.296454554349605
100000,39.554901791405115
150000,30.744203555616167
200000,41.11903673553983
250000,39.438467488417764
300000,42.165540467363925
