step,d4rl_normalized_score
50000,41.090373806065685
100000,45.4064137199313
150000,44.19070424696774
200000,44.09992275468709
250000,44.48437356051612
300000,44.11405283935841
