step,d4rl_normalized_score
50000,29.848634864578788
100000,44.787175415820734
150000,44.346000455541166
200000,43.39904261600239
250000,44.530011186898655
300000,44.71521585531065
