step,d4rl_normalized_score
50000,10.378316601074449
100000,37.96401731107068
150000,38.831360144557536
200000,40.25917700235823
250000,39.404005036456354
300000,39.38666874816465
