step,d4rl_normalized_score
50000,35.835298149703654
100000,44.98910419791199
150000,45.12882785990791
200000,44.87021304500374
250000,45.88516077784924
300000,46.13431815715724
