step,d4rl_normalized_score
50000,31.057380262749618
100000,39.36537069695956
150000,74.2851541078547
200000,51.27800747853952
250000,81.83137118592391
300000,76.63734592216974
