step,d4rl_normalized_score
50000,21.476328630669677
100000,10.144334426495991
150000,31.255606101772642
200000,16.64149764448777
250000,11.927598441344038
300000,28.803025881610232
