step,d4rl_normalized_score
50000,21.70605975658077
100000,10.827684907121766
150000,34.26733176778989
200000,38.57734844341977
250000,51.38426370920578
300000,67.41514131044129
