step,d4rl_normalized_score
50000,24.455660494096133
100000,45.25969053564219
150000,45.68411888999215
200000,46.11342545792546
250000,46.17544562245019
300000,45.23940054221638
