step,d4rl_normalized_score
50000,43.704682671454265
100000,45.52051596747172
150000,46.13617207524103
200000,47.69470745220208
250000,47.88599497163698
300000,47.304444458778136
