step,d4rl_normalized_score
50000,28.1797824990831
100000,34.3722948254865
150000,41.45342856856682
200000,41.777246589963056
250000,43.13036509849636
300000,42.09669800720184
