step,d4rl_normalized_score
50000,41.589459548219345
100000,43.859952251838344
150000,35.08689123094592
200000,43.397326913317094
250000,44.78478453504437
300000,43.40847503316188
