step,d4rl_normalized_score
50000,22.03700336679427
100000,45.51760877817381
150000,45.65927700028601
200000,46.01761411361931
250000,46.59146242089543
300000,45.78684057089056
