step,d4rl_normalized_score
50000,39.33401186707231
100000,44.31742291732394
150000,45.209520663348194
200000,44.57895793168717
250000,44.08586385410972
300000,42.39899400491322
