step,d4rl_normalized_score
50000,41.38052987050319
100000,29.691982212447783
150000,38.56098099152919
200000,68.38621370019082
250000,76.33804511039153
300000,85.93283103424974
