step,d4rl_normalized_score
50000,37.046701384712854
100000,34.7323720537961
150000,41.672860838711514
200000,34.27826059387147
250000,71.08339945389118
300000,48.166490662451146
