step,d4rl_normalized_score
50000,17.76639109905938
100000,30.752854644266712
150000,25.79583846068605
200000,23.93754350815435
250000,87.41486350882903
300000,37.923292117064285
