step,d4rl_normalized_score
50000,30.268430529588
100000,42.51828807176389
150000,41.8454581176038
200000,44.230430561600684
250000,43.77243920854717
300000,45.05200607787667
