step,d4rl_normalized_score
50000,42.02561514487165
100000,43.32468517082587
150000,44.70210475810261
200000,44.032117401993816
250000,44.39755725466393
300000,44.82938359979362
