step,d4rl_normalized_score
50000,27.961430154391348
100000,44.36478811393962
150000,35.09871277763465
200000,45.61486501029947
250000,46.42206151989373
300000,46.32623894539496
