step,d4rl_normalized_score
50000,41.58418738083039
100000,43.71046649412041
150000,44.01822456641191
200000,44.35097699445335
250000,44.117607228069815
300000,43.31756656242588
