step,d4rl_normalized_score
50000,43.739227692249486
100000,44.823554872315604
150000,36.28983623576627
200000,58.56250301769634
250000,78.28403948387638
300000,91.13654198808037
