step,d4rl_normalized_score
50000,27.077236819572082
100000,44.21022382181375
150000,44.19256205716025
200000,43.90292976512667
250000,44.5134936029108
300000,44.12873226919305
