step,d4rl_normalized_score
50000,41.66382901584087
100000,43.9402771340833
150000,44.09996668256548
200000,43.40596920630211
250000,43.907010302290686
300000,43.966696562143404
