step,d4rl_normalized_score
50000,41.76235111410508
100000,45.74021541144038
150000,45.952483961341
200000,46.559525314432555
250000,46.12250740426155
300000,46.706351522224935
