step,d4rl_normalized_score
50000,42.46884506133327
100000,44.769481956848466
150000,46.02495957711351
200000,45.50038020666117
250000,46.25153945082072
300000,46.89432446424588
