step,d4rl_normalized_score
50000,39.34378402112484
100000,22.75272410306622
150000,47.650733479735806
200000,61.13324894087108
250000,82.8836209255148
300000,66.51904670869921
