step,d4rl_normalized_score
50000,44.05387625061582
100000,45.163550201727645
150000,46.28398583875904
200000,45.397642099226445
250000,45.744061579597236
300000,46.121163087897514
