step,d4rl_normalized_score
50000,42.85458096577281
100000,43.544554335730226
150000,44.21248302165766
200000,44.31594839583118
250000,31.638431691109258
300000,43.24017672844685
