step,d4rl_normalized_score
50000,37.434600094332524
100000,34.60496355871657
150000,53.55004780839835
200000,25.494956607934004
250000,82.82140974542259
300000,60.2472665685018
