step,d4rl_normalized_score
50000,43.64685949885278
100000,45.19184503498103
150000,44.93406118355177
200000,46.3645241447225
250000,46.23525984535405
300000,46.09233758093606
