step,d4rl_normalized_score
50000,34.7215073780595
100000,40.171204660915414
150000,62.760924335586544
200000,37.54712999007045
250000,64.0833092467374
300000,31.320448567029395
