step,d4rl_normalized_score
50000,7.397603160995953
100000,35.71598469437249
150000,39.66567773846498
200000,38.950973073579625
250000,40.05430072447037
300000,35.22062125166727
