step,d4rl_normalized_score
50000,41.162461677152706
100000,40.164078280962805
150000,44.65758235954731
200000,45.93942163250248
250000,45.7200178185069
300000,45.23528171743181
