step,d4rl_normalized_score
50000,42.269922821233436
100000,45.182451075677896
150000,45.571858081890625
200000,45.69176387922978
250000,46.083363048799214
300000,46.349578261318115
